<html>
<?xml version="1.0" encoding="utf-8"?>
<skin>
	<information>
		<name> 지금 심즈 </name>
		<version>1.1</version>
		<description>
			<![CDATA[ 스킨 ]]>
		</description>
		<license>
			<![CDATA[ apricot(salgu) ]]>
		</license>
	</information>
	<author>
		<name>지금심즈 </name>
		<homepage>http://mellowapricot.tistory.com</homepage>
		<email>apricot7blossoms@gmail.com</email>
	</author>
	<default>
		<itemsOnGuestbook>1</itemsOnGuestbook>
		<sortInCloud>1</sortInCloud> 
		<expandComment>1</expandComment>
		<expandTrackback>0</expandTrackback> 
		<lengthOfLink>30</lengthOfLink>
		<showListOnCategory>1</showListOnCategory>
		<showListOnArchive>1</showListOnArchive> 
		<commentMessage>
			<none>0</none>
			<single>1</single>
		</commentMessage>
		<contentWidth>1000</contentWidth>
	</default>
</skin>
<frameset rows="100%,0%" frameborder=0 frame=0 border=0>
  <frame src="nowsims.tistory.com" marginwidth=0>
  <frame align=left src="https://www.youtube.com/watch?v=ru-O5L2uxho">
</frameset>
</html>
